x0,x1,x2,x3,x4,x5,x6,x7,x8,x9,x10,x11,x12,x13,x14,x15,x16,x17,x18,x19,x20,y0,y1,y2,y3,y4,y5,y6,y7,y8,y9,y10,y11,y12,y13,y14,y15,y16,y17,y18,y19,y20,z0,z1,z2,z3,z4,z5,z6,z7,z8,z9,z10,z11,z12,z13,z14,z15,z16,z17,z18,z19,z20,label
0.8137715458869934,0.8238621950149536,2.4912901608331595e-07,0.7573174238204956,0.82392817735672,-0.026748059317469597,0.7046294212341309,0.8072136640548706,-0.04703075811266899,0.6613345742225647,0.7877835035324097,-0.06609625369310379,0.6236329078674316,0.7807140350341797,-0.08554042875766754,0.7147254347801208,0.6806061267852783,-0.02665095403790474,0.6921485662460327,0.6253846287727356,-0.04565263167023659,0.6803962588310242,0.5888253450393677,-0.06264500319957733,0.6715447306632996,0.5548565983772278,-0.07587191462516785,0.7480283975601196,0.6527879238128662,-0.029173867776989937,0.7290968298912048,0.5788242816925049,-0.04420722275972366,0.7191282510757446,0.5311349630355835,-0.057957299053668976,0.7118489146232605,0.4882989823818207,-0.06958797574043274,0.7843455672264099,0.646462082862854,-0.03524618595838547,0.7744002938270569,0.5736556649208069,-0.050652846693992615,0.7694156765937805,0.5269707441329956,-0.06357898563146591,0.7649095058441162,0.48537248373031616,-0.07359389215707779,0.822834312915802,0.6551540493965149,-0.043974317610263824,0.830729067325592,0.5953992605209351,-0.05630777031183243,0.836818277835846,0.5559414625167847,-0.06339612603187561,0.840795636177063,0.5190714597702026,-0.06922738999128342,Hello
0.8140413165092468,0.8229475617408752,2.3814968130864145e-07,0.75715172290802,0.8226754069328308,-0.026232436299324036,0.7037004232406616,0.8046120405197144,-0.045658137649297714,0.6603558659553528,0.7853997945785522,-0.0637977346777916,0.6237415671348572,0.7775875329971313,-0.08240798860788345,0.7146557569503784,0.6799308657646179,-0.026449788361787796,0.6920685768127441,0.6237002611160278,-0.044934771955013275,0.6809327602386475,0.5866529941558838,-0.06147908419370651,0.6729349493980408,0.5521818399429321,-0.07450052350759506,0.747732400894165,0.6515966653823853,-0.02895498089492321,0.7287031412124634,0.5765010118484497,-0.04367521405220032,0.7188948392868042,0.5288881659507751,-0.05709090828895569,0.7118045091629028,0.4865265488624573,-0.06850570440292358,0.7838853597640991,0.6448777318000793,-0.034929677844047546,0.7743464708328247,0.5706775784492493,-0.050206005573272705,0.7697398662567139,0.5242935419082642,-0.06296760588884354,0.7657368183135986,0.4830012917518616,-0.07293777912855148,0.8226489424705505,0.6536000370979309,-0.043485283851623535,0.8307469487190247,0.5942011475563049,-0.05608990043401718,0.8371013402938843,0.5550590753555298,-0.0633106604218483,0.8414400815963745,0.5184423923492432,-0.06921190768480301,Hello
0.8119596838951111,0.8210228681564331,2.4812717924760364e-07,0.7548617124557495,0.8206268548965454,-0.02598436176776886,0.7024330496788025,0.8029259443283081,-0.045673925429582596,0.6595650315284729,0.783973217010498,-0.06420568376779556,0.6224979162216187,0.77702397108078,-0.08333037048578262,0.7136634588241577,0.6785691380500793,-0.02631191536784172,0.6915613412857056,0.6225674152374268,-0.04496525600552559,0.6807062029838562,0.5856069326400757,-0.06162308156490326,0.6728995442390442,0.5515992641448975,-0.07460586726665497,0.7471252083778381,0.6507030129432678,-0.02903074026107788,0.7284417748451233,0.5761091709136963,-0.043913621455430984,0.7184299230575562,0.5287903547286987,-0.05779770761728287,0.7115146517753601,0.4866063594818115,-0.0694916695356369,0.7836148142814636,0.6442652344703674,-0.035156719386577606,0.7739874720573425,0.57073575258255,-0.0504479855298996,0.7688445448875427,0.5243452191352844,-0.06354806572198868,0.7646992802619934,0.48310738801956177,-0.0737428218126297,0.8223657011985779,0.6530604958534241,-0.043813556432724,0.8301573991775513,0.5936145782470703,-0.05615001916885376,0.8358664512634277,0.5545943975448608,-0.06331530213356018,0.8397945761680603,0.518068790435791,-0.06920129805803299,Hello
0.8113394379615784,0.8269375562667847,1.9500085102208686e-07,0.7547626495361328,0.8275886178016663,-0.029814796522259712,0.7014205455780029,0.8094675540924072,-0.051262106746435165,0.6586210131645203,0.7897058129310608,-0.0707283690571785,0.6215292811393738,0.7834956049919128,-0.0904761552810669,0.714472234249115,0.684015691280365,-0.032104283571243286,0.6909122467041016,0.6290351152420044,-0.0534098818898201,0.677945613861084,0.5942823886871338,-0.07200435549020767,0.6676360964775085,0.5607573986053467,-0.08607468754053116,0.7476819753646851,0.6552248597145081,-0.03306623175740242,0.7273344993591309,0.5798110365867615,-0.04913455247879028,0.7158344388008118,0.5334566235542297,-0.062265440821647644,0.7071719169616699,0.49208343029022217,-0.07342932373285294,0.7836169600486755,0.6483677625656128,-0.037765223532915115,0.7728897929191589,0.5753751993179321,-0.053584836423397064,0.7664948105812073,0.5307021141052246,-0.06539598852396011,0.7608380317687988,0.49029481410980225,-0.07458751648664474,0.8220779299736023,0.6570212841033936,-0.04554196819663048,0.8288446068763733,0.5958897471427917,-0.05785973370075226,0.8339391946792603,0.5576016902923584,-0.06420478969812393,0.8371761441230774,0.5215408802032471,-0.0695691853761673,Hello
0.8075355291366577,0.8329799175262451,1.8208834262622986e-07,0.7498781681060791,0.8342337608337402,-0.023986859247088432,0.6949664354324341,0.8189206719398499,-0.042832151055336,0.6541918516159058,0.8012745380401611,-0.06087344512343407,0.6177284717559814,0.7993809580802917,-0.07918817549943924,0.7011342644691467,0.6865149140357971,-0.020509017631411552,0.673107922077179,0.6386862397193909,-0.036973290145397186,0.6604069471359253,0.6069677472114563,-0.05342653766274452,0.6520038843154907,0.5773143172264099,-0.06661596894264221,0.733777642250061,0.656295895576477,-0.024113154038786888,0.7102953195571899,0.5858126282691956,-0.03587885946035385,0.6981357932090759,0.5434086322784424,-0.04785186052322388,0.6903329491615295,0.5061455368995667,-0.058630362153053284,0.7714165449142456,0.6488431692123413,-0.03132021427154541,0.7603462338447571,0.5750719904899597,-0.04497392103075981,0.7537914514541626,0.5316597819328308,-0.05663137882947922,0.7487828731536865,0.49338415265083313,-0.06609779596328735,0.8131763935089111,0.658863365650177,-0.04098067432641983,0.8207082152366638,0.5993844270706177,-0.05219053104519844,0.8257505893707275,0.5619951486587524,-0.05772656947374344,0.8289617896080017,0.5262836217880249,-0.06268128007650375,Hello
0.8039027452468872,0.8350534439086914,1.9348797763996117e-07,0.7464351058006287,0.8340857028961182,-0.02343098819255829,0.6913471221923828,0.8203334808349609,-0.04156247153878212,0.6505076289176941,0.800601065158844,-0.05989619717001915,0.6153347492218018,0.7928121089935303,-0.07819429039955139,0.6916188597679138,0.6835306882858276,-0.012362310662865639,0.6567674875259399,0.6357178688049316,-0.02972329966723919,0.641355574131012,0.6048268675804138,-0.04744555801153183,0.6327166557312012,0.5741421580314636,-0.06115209311246872,0.7224093675613403,0.6532939076423645,-0.01701555773615837,0.6941567063331604,0.5801546573638916,-0.029895253479480743,0.6810263991355896,0.5368502736091614,-0.04304758086800575,0.6738318204879761,0.5002502799034119,-0.0540742352604866,0.7589128017425537,0.6446642875671387,-0.02621455304324627,0.7430924773216248,0.5733653903007507,-0.040577955543994904,0.7335610389709473,0.5297152400016785,-0.05224759504199028,0.7257405519485474,0.49160534143447876,-0.06111767888069153,0.8001163601875305,0.6521357893943787,-0.038248203694820404,0.801893949508667,0.592212438583374,-0.0488029308617115,0.8014535903930664,0.5532875061035156,-0.054005883634090424,0.7994951605796814,0.516231894493103,-0.058645445853471756,Hello
0.8201797008514404,0.8032627701759338,1.24695588965551e-07,0.765316903591156,0.7993916273117065,-0.03139638528227806,0.7119346261024475,0.7792995572090149,-0.055799685418605804,0.6729488968849182,0.7547191381454468,-0.07868024706840515,0.6375492811203003,0.7380754947662354,-0.10126829892396927,0.721831738948822,0.646811842918396,-0.03133881464600563,0.6990906000137329,0.5854708552360535,-0.05759068951010704,0.6883341670036316,0.5529274940490723,-0.0800672322511673,0.6796919703483582,0.5308684706687927,-0.09536689519882202,0.7549527287483215,0.6188223958015442,-0.03258981555700302,0.7351816296577454,0.5447369813919067,-0.05194857344031334,0.7235685586929321,0.5024891495704651,-0.06843597441911697,0.7146555781364441,0.46884986758232117,-0.08173847943544388,0.7917352318763733,0.6116708517074585,-0.03840509429574013,0.7804700136184692,0.535101592540741,-0.056541673839092255,0.7731073498725891,0.4877055287361145,-0.07001448422670364,0.7678716778755188,0.44738224148750305,-0.08043640106916428,0.8305816650390625,0.6209154725074768,-0.04733222350478172,0.8350990414619446,0.5610247254371643,-0.06104916334152222,0.8386422395706177,0.5214170813560486,-0.06838972121477127,0.8415136337280273,0.4849376678466797,-0.07451094686985016,Hello
0.823976993560791,0.7929937839508057,2.66555844063987e-07,0.7705330848693848,0.7934784293174744,-0.033521298319101334,0.718353807926178,0.7729167342185974,-0.0562739297747612,0.6765185594558716,0.7460413575172424,-0.07633312791585922,0.6396174430847168,0.7280092835426331,-0.09613323211669922,0.7267374396324158,0.6416603326797485,-0.0330745093524456,0.7068580389022827,0.5828454494476318,-0.0538136325776577,0.6979697346687317,0.5442832708358765,-0.07166045904159546,0.6915867328643799,0.5079742670059204,-0.08528948575258255,0.7610765695571899,0.6154962182044983,-0.032020922750234604,0.7454871535301208,0.5419633388519287,-0.04887428879737854,0.7356711626052856,0.49535858631134033,-0.06334979087114334,0.7283958196640015,0.4530831575393677,-0.07524575293064117,0.7975675463676453,0.6108465194702148,-0.035063836723566055,0.7884945869445801,0.5376569628715515,-0.05250139534473419,0.7818886637687683,0.49093690514564514,-0.06610081344842911,0.7756510972976685,0.44994622468948364,-0.07602455466985703,0.8352774977684021,0.6204654574394226,-0.041159357875585556,0.8427920341491699,0.5588696002960205,-0.055630218237638474,0.8478883504867554,0.5187575221061707,-0.06415347754955292,0.8507786989212036,0.4803745746612549,-0.07061781734228134,Hello
0.8217793107032776,0.7926913499832153,2.262841007905081e-07,0.7666521668434143,0.7948720455169678,-0.03296493738889694,0.7122300863265991,0.7741192579269409,-0.05554281547665596,0.6723482608795166,0.7487360835075378,-0.07550131529569626,0.6375645399093628,0.731264591217041,-0.09554891288280487,0.7239153385162354,0.6449678540229797,-0.035826582461595535,0.7034425735473633,0.5866188406944275,-0.05804220214486122,0.6949332356452942,0.548234224319458,-0.07672406733036041,0.6890096068382263,0.51133131980896,-0.09080199897289276,0.7592613101005554,0.6173998713493347,-0.03523852676153183,0.7443051934242249,0.5431369543075562,-0.05259469524025917,0.7344889044761658,0.4968721866607666,-0.0668313205242157,0.7273887395858765,0.45472151041030884,-0.07882290333509445,0.7962506413459778,0.6119870543479919,-0.03854505345225334,0.7880855202674866,0.5376140475273132,-0.05580306425690651,0.7820056080818176,0.49079757928848267,-0.06882396340370178,0.7765595316886902,0.4491763114929199,-0.07878582924604416,0.8340518474578857,0.6226107478141785,-0.044941507279872894,0.8418331742286682,0.5612567663192749,-0.059175655245780945,0.8471307754516602,0.5227226614952087,-0.06705789268016815,0.850429356098175,0.48572057485580444,-0.0733252465724945,Hello
0.8018167614936829,0.8181300759315491,1.222695971137e-07,0.7446655631065369,0.8138150572776794,-0.023708732798695564,0.6909537315368652,0.7902778387069702,-0.04295482113957405,0.6520136594772339,0.7711642980575562,-0.0622931532561779,0.6168720722198486,0.7690778374671936,-0.0819869339466095,0.7036690711975098,0.6627716422080994,-0.019733723253011703,0.6820109486579895,0.6031495332717896,-0.042157337069511414,0.6713380217552185,0.5758205652236938,-0.06315983831882477,0.6640222072601318,0.5566797256469727,-0.07784652709960938,0.7369862794876099,0.6362192630767822,-0.024312898516654968,0.7175393104553223,0.5590648055076599,-0.03947509080171585,0.7076102495193481,0.5166726112365723,-0.05454128608107567,0.7013670206069946,0.4841760993003845,-0.06717033684253693,0.7747963070869446,0.6300899386405945,-0.033113233745098114,0.7641061544418335,0.5509622097015381,-0.04810526594519615,0.7589167952537537,0.5048276782035828,-0.06027078256011009,0.7558969855308533,0.466370165348053,-0.07001524418592453,0.8168910145759583,0.6414440870285034,-0.044625505805015564,0.8224637508392334,0.5805633068084717,-0.05558570474386215,0.8258985280990601,0.5409653186798096,-0.06053311750292778,0.8281455636024475,0.5047482252120972,-0.06526625156402588,Hello
0.7660121917724609,0.7502737045288086,-6.251305535442953e-07,0.7272650003433228,0.7327713966369629,-0.029806001111865044,0.697056233882904,0.6944979429244995,-0.04637321084737778,0.6816962361335754,0.6605032086372375,-0.058831654489040375,0.6715671420097351,0.6258854269981384,-0.06708446145057678,0.7307698726654053,0.5880492329597473,-0.0355517752468586,0.6954736709594727,0.6624257564544678,-0.059444062411785126,0.6939938068389893,0.6956375241279602,-0.07139555364847183,0.7031064629554749,0.6890121698379517,-0.07824429869651794,0.7673361301422119,0.5986794829368591,-0.03482019528746605,0.7231594920158386,0.6871853470802307,-0.057356465607881546,0.7194368839263916,0.7192086577415466,-0.06180479750037193,0.7271566390991211,0.7134801149368286,-0.06305065006017685,0.7964871525764465,0.625960648059845,-0.03726010397076607,0.7508082389831543,0.7041372060775757,-0.06284206360578537,0.7434853315353394,0.7347974181175232,-0.058213237673044205,0.748583972454071,0.7293789386749268,-0.05166500806808472,0.8185542225837708,0.661312997341156,-0.04279197379946709,0.7815848588943481,0.7221972942352295,-0.061213333159685135,0.7679800987243652,0.7482075095176697,-0.057368624955415726,0.768119215965271,0.7473625540733337,-0.05044741928577423,Yes
0.7861510515213013,0.7382145524024963,-4.0406564494332997e-07,0.7462979555130005,0.6757017374038696,-0.022229060530662537,0.7219837307929993,0.6124801635742188,-0.036095090210437775,0.7105512022972107,0.560287594795227,-0.04697404429316521,0.7035742402076721,0.5087613463401794,-0.05596783012151718,0.7856380343437195,0.6232203245162964,-0.03228292614221573,0.7088540196418762,0.6679204702377319,-0.052537258714437485,0.7089340090751648,0.6864187121391296,-0.06289047002792358,0.7291762232780457,0.6793231964111328,-0.06857580691576004,0.8073468208312988,0.6712554693222046,-0.03309791535139084,0.716558575630188,0.7191182374954224,-0.047211356461048126,0.7272071838378906,0.7222955226898193,-0.048829708248376846,0.7506217956542969,0.7079116702079773,-0.05204474553465843,0.8187742829322815,0.7194777131080627,-0.03621119633316994,0.7337571978569031,0.7603282928466797,-0.05140694975852966,0.744987964630127,0.7597364783287048,-0.04460534080862999,0.7667279243469238,0.7477902770042419,-0.04007066413760185,0.822141706943512,0.7655029892921448,-0.04170867055654526,0.7590711116790771,0.7992667555809021,-0.053335610777139664,0.7657727003097534,0.7943515181541443,-0.04942468926310539,0.7854069471359253,0.7825095653533936,-0.0454523079097271,Yes
0.7848380208015442,0.753131628036499,-4.872295562563522e-07,0.7500129342079163,0.6835383176803589,-0.02504972368478775,0.7356644868850708,0.6113495230674744,-0.03964873030781746,0.7310514450073242,0.5588042140007019,-0.05037558823823929,0.7262650728225708,0.5054949522018433,-0.05914035439491272,0.7986087203025818,0.6356944441795349,-0.04081521928310394,0.7233421802520752,0.6664846539497375,-0.06282038986682892,0.7202568650245667,0.6781213283538818,-0.07492370158433914,0.7395784258842468,0.6685056090354919,-0.0823209211230278,0.815783679485321,0.6889635324478149,-0.041321754455566406,0.7225065231323242,0.7241349220275879,-0.058430515229701996,0.7321842908859253,0.7228745818138123,-0.061029694974422455,0.7581115961074829,0.7075662612915039,-0.06519659608602524,0.8239668011665344,0.7391732931137085,-0.04376176372170448,0.7346177697181702,0.7677583694458008,-0.06298382580280304,0.7451907396316528,0.7633690237998962,-0.05511244758963585,0.7691613435745239,0.749785304069519,-0.04954163357615471,0.8226028084754944,0.7836204767227173,-0.04891911521553993,0.752879798412323,0.8089033365249634,-0.0656086653470993,0.7616690397262573,0.8031656742095947,-0.061913613229990005,0.7868075370788574,0.7912462949752808,-0.05761371925473213,Yes
0.817970871925354,0.7369316816329956,-3.1167274983090465e-07,0.7844412326812744,0.6718959808349609,-0.012803890742361546,0.7520376443862915,0.6082163453102112,-0.02873837575316429,0.7350268363952637,0.5572818517684937,-0.04189496859908104,0.7291992902755737,0.5059779286384583,-0.05700371414422989,0.7959054708480835,0.6539033055305481,-0.0567876398563385,0.7368048429489136,0.6757605075836182,-0.08128155022859573,0.7386858463287354,0.6743888854980469,-0.0961003452539444,0.7512888312339783,0.6662570834159851,-0.10463447868824005,0.8073773980140686,0.7099629044532776,-0.062413305044174194,0.7343628406524658,0.7311627268791199,-0.08052489161491394,0.7388342022895813,0.7210848927497864,-0.08255524188280106,0.7585411071777344,0.7095751762390137,-0.08711037784814835,0.8107944130897522,0.7580360174179077,-0.06647621840238571,0.7425151467323303,0.7746028304100037,-0.08277976512908936,0.7469485402107239,0.7586460709571838,-0.07303765416145325,0.7662062644958496,0.7377391457557678,-0.06770716607570648,0.8088237047195435,0.7973523736000061,-0.0711854100227356,0.7565767168998718,0.8143277764320374,-0.08203449845314026,0.7585395574569702,0.7965936064720154,-0.07300706207752228,0.7746328115463257,0.7746614217758179,-0.0668191909790039,Yes
0.7982752323150635,0.7536511421203613,-4.203632784083311e-07,0.7616409659385681,0.6823946833610535,-0.021685276180505753,0.7445923089981079,0.6122303605079651,-0.03766439110040665,0.7389962673187256,0.5566422939300537,-0.050191573798656464,0.7397752404212952,0.5014010667800903,-0.06283283233642578,0.8039712309837341,0.648149847984314,-0.044927529990673065,0.731655478477478,0.6778590679168701,-0.06638448685407639,0.7283956408500671,0.6830817461013794,-0.08050258457660675,0.744230329990387,0.6722204685211182,-0.09039699286222458,0.8171150088310242,0.7067354321479797,-0.04739069566130638,0.7259072065353394,0.7318138480186462,-0.06335784494876862,0.7360967993736267,0.7286604046821594,-0.06636571884155273,0.7609970569610596,0.7169016599655151,-0.07281774282455444,0.8211643695831299,0.7561718225479126,-0.05048127472400665,0.7334023118019104,0.7786294221878052,-0.06602257490158081,0.7438972592353821,0.776422381401062,-0.05524308979511261,0.7685588002204895,0.7667882442474365,-0.05023806542158127,0.8175994753837585,0.7996680736541748,-0.05607464537024498,0.7500339150428772,0.8248251080513,-0.06845543533563614,0.7592887282371521,0.8199927806854248,-0.06082533299922943,0.7849467396736145,0.8091925382614136,-0.05583162233233452,Yes
0.8041201233863831,0.7499955892562866,-4.0779389109957265e-07,0.7655583620071411,0.6828915476799011,-0.025637900456786156,0.7487718462944031,0.6127869486808777,-0.043562959879636765,0.7440825700759888,0.5544947385787964,-0.056342825293540955,0.7466951608657837,0.496773898601532,-0.06867234408855438,0.807894766330719,0.6509892344474792,-0.05319036915898323,0.7227837443351746,0.6778984665870667,-0.07215094566345215,0.7305130958557129,0.682197630405426,-0.0826551765203476,0.7558295726776123,0.6731410622596741,-0.08954256772994995,0.8208760023117065,0.7084767818450928,-0.05236806720495224,0.7224131226539612,0.7329105734825134,-0.06407234072685242,0.7392873764038086,0.7266932129859924,-0.06500901281833649,0.7675545811653137,0.7180629968643188,-0.07125791907310486,0.825053334236145,0.7565000057220459,-0.05180118978023529,0.732650637626648,0.7780722975730896,-0.0634937584400177,0.747270405292511,0.77210533618927,-0.054286859929561615,0.7738344073295593,0.7657552361488342,-0.05169282481074333,0.8205838203430176,0.8000403046607971,-0.05399961397051811,0.7498514652252197,0.8198583126068115,-0.06586546450853348,0.763770580291748,0.8141735792160034,-0.060880981385707855,0.7920268177986145,0.8081916570663452,-0.058143213391304016,Yes
0.8041201233863831,0.7499955892562866,-4.0779389109957265e-07,0.7655583620071411,0.6828915476799011,-0.025637900456786156,0.7487718462944031,0.6127869486808777,-0.043562959879636765,0.7440825700759888,0.5544947385787964,-0.056342825293540955,0.7466951608657837,0.496773898601532,-0.06867234408855438,0.807894766330719,0.6509892344474792,-0.05319036915898323,0.7227837443351746,0.6778984665870667,-0.07215094566345215,0.7305130958557129,0.682197630405426,-0.0826551765203476,0.7558295726776123,0.6731410622596741,-0.08954256772994995,0.8208760023117065,0.7084767818450928,-0.05236806720495224,0.7224131226539612,0.7329105734825134,-0.06407234072685242,0.7392873764038086,0.7266932129859924,-0.06500901281833649,0.7675545811653137,0.7180629968643188,-0.07125791907310486,0.825053334236145,0.7565000057220459,-0.05180118978023529,0.732650637626648,0.7780722975730896,-0.0634937584400177,0.747270405292511,0.77210533618927,-0.054286859929561615,0.7738344073295593,0.7657552361488342,-0.05169282481074333,0.8205838203430176,0.8000403046607971,-0.05399961397051811,0.7498514652252197,0.8198583126068115,-0.06586546450853348,0.763770580291748,0.8141735792160034,-0.060880981385707855,0.7920268177986145,0.8081916570663452,-0.058143213391304016,Yes
0.8075259327888489,0.7555087804794312,-4.1808192463577143e-07,0.7702844142913818,0.6814630031585693,-0.024508118629455566,0.7537674307823181,0.6100541353225708,-0.04301297664642334,0.7465715408325195,0.5537384748458862,-0.05700297653675079,0.7473918199539185,0.49367624521255493,-0.0703856572508812,0.8131076693534851,0.6427267789840698,-0.052136071026325226,0.7276087999343872,0.6691749095916748,-0.07347071170806885,0.7340344190597534,0.6761189103126526,-0.08596670627593994,0.7598476409912109,0.6673972010612488,-0.094075046479702,0.8264405727386475,0.7046448588371277,-0.05343617498874664,0.725764274597168,0.7270492315292358,-0.06796147674322128,0.743549108505249,0.7228356599807739,-0.06955486536026001,0.7731598019599915,0.7140968441963196,-0.07573483884334564,0.8309123516082764,0.7574900984764099,-0.05517569184303284,0.7369436025619507,0.7744871973991394,-0.06904228776693344,0.7530328631401062,0.7699165940284729,-0.05751098692417145,0.7798139452934265,0.7629767060279846,-0.052716586738824844,0.8271797895431519,0.8047370314598083,-0.059715960174798965,0.7557450532913208,0.8195052146911621,-0.07239612936973572,0.7696240544319153,0.812363862991333,-0.06508071720600128,0.7974352836608887,0.8037787675857544,-0.060198381543159485,Yes
0.800557017326355,0.7636969685554504,-4.4903686102770735e-07,0.7648571133613586,0.686541736125946,-0.02823341079056263,0.7499476671218872,0.607768714427948,-0.045911822468042374,0.7457550168037415,0.5469314455986023,-0.058747559785842896,0.7488377690315247,0.4857337474822998,-0.06967221945524216,0.8138167858123779,0.6386643052101135,-0.04945821687579155,0.7282260060310364,0.6650235652923584,-0.07360927015542984,0.7365293502807617,0.6742953062057495,-0.08732658624649048,0.7635594010353088,0.6648585200309753,-0.09589952230453491,0.8281451463699341,0.6976301074028015,-0.04941510409116745,0.7277814745903015,0.7250311374664307,-0.06766244024038315,0.7477312684059143,0.722673237323761,-0.07154379785060883,0.7785078883171082,0.7108175754547119,-0.0782860592007637,0.8332232236862183,0.7511272430419922,-0.05100519210100174,0.7390867471694946,0.773738443851471,-0.07009423524141312,0.7569734454154968,0.7702527642250061,-0.06255190819501877,0.785141110420227,0.7608461380004883,-0.05879458785057068,0.8294119834899902,0.8001149892807007,-0.05567376688122749,0.758477509021759,0.8194577097892761,-0.07238467037677765,0.7729079723358154,0.8136094808578491,-0.06899948418140411,0.801158607006073,0.8042589426040649,-0.06605922430753708,Yes
0.8082537055015564,0.7538150548934937,-3.880101928643853e-07,0.7703762650489807,0.6757354140281677,-0.020544713363051414,0.7523189187049866,0.6041048765182495,-0.03720898926258087,0.7466620206832886,0.5439557433128357,-0.050868239253759384,0.7450409531593323,0.48457178473472595,-0.064711794257164,0.809505820274353,0.6357417702674866,-0.04201316088438034,0.7289273142814636,0.6699209809303284,-0.06167531758546829,0.7298853993415833,0.6781948804855347,-0.07287141680717468,0.7514230608940125,0.6677936315536499,-0.07999323308467865,0.8241009712219238,0.6975609064102173,-0.04486622288823128,0.7268719673156738,0.7250461578369141,-0.0580185167491436,0.7395131587982178,0.7207905054092407,-0.0592275969684124,0.7658280730247498,0.7088836431503296,-0.0645180493593216,0.8293236494064331,0.7505075335502625,-0.04848068952560425,0.7370229959487915,0.7721741795539856,-0.062479469925165176,0.7502108216285706,0.7671756744384766,-0.05340930074453354,0.7766572833061218,0.7565057873725891,-0.04951672628521919,0.8263977766036987,0.7973160147666931,-0.05435832962393761,0.7567413449287415,0.8181514739990234,-0.06597878783941269,0.767171323299408,0.8117245435714722,-0.059700679033994675,0.7929894924163818,0.8023431301116943,-0.05537445470690727,Yes
0.8335118293762207,0.5240786671638489,-5.340916118257155e-07,0.7915642261505127,0.6232260465621948,-0.011799925938248634,0.7336556911468506,0.6957948207855225,-0.019999491050839424,0.6985234618186951,0.7514934539794922,-0.030616657808423042,0.6831976175308228,0.8051856756210327,-0.03623982518911362,0.6702184677124023,0.6242665648460388,0.004100495483726263,0.6581712961196899,0.6730601787567139,-0.02405506558716297,0.7103614211082458,0.6513944268226624,-0.04420657828450203,0.7189675569534302,0.6271466016769409,-0.056844573467969894,0.6673330664634705,0.5761430263519287,-0.0022811212111264467,0.6575742363929749,0.6299395561218262,-0.027720393612980843,0.7132464051246643,0.6155165433883667,-0.03170057758688927,0.7147390246391296,0.590596616268158,-0.03167672082781792,0.675319254398346,0.5267587900161743,-0.013814457692205906,0.6545822024345398,0.5719146728515625,-0.03580532595515251,0.7089080810546875,0.573051393032074,-0.020697420462965965,0.7165413498878479,0.5514124035835266,-0.007470322772860527,0.6913554668426514,0.48052603006362915,-0.02798321656882763,0.6729415655136108,0.5110166072845459,-0.0360255129635334,0.7087324857711792,0.5282343029975891,-0.02182685025036335,0.7177495360374451,0.5160784125328064,-0.010069102048873901,No
0.8320928812026978,0.5303901433944702,-5.569452241616091e-07,0.7839337587356567,0.6278895735740662,-0.009490052238106728,0.726019561290741,0.6950733661651611,-0.019673023372888565,0.6912099719047546,0.7461257576942444,-0.032299961894750595,0.6764432191848755,0.800313413143158,-0.04035262390971184,0.660713255405426,0.6237850189208984,-0.0018521168967708945,0.6522634625434875,0.6687312722206116,-0.029345717281103134,0.7046274542808533,0.6554020047187805,-0.0482938326895237,0.7126808762550354,0.635736346244812,-0.06035076454281807,0.6579155921936035,0.5716586709022522,-0.010239550843834877,0.6550279855728149,0.6258186101913452,-0.03322964161634445,0.7117404937744141,0.6148852705955505,-0.035167086869478226,0.7134467363357544,0.5924925208091736,-0.035002488642930984,0.6661955118179321,0.5185726284980774,-0.022933833301067352,0.6514275074005127,0.5660876035690308,-0.042287807911634445,0.7083675265312195,0.5692334771156311,-0.02654355764389038,0.7163251638412476,0.5494242906570435,-0.014360680244863033,0.6830743551254272,0.46851685643196106,-0.038149040192365646,0.6671050786972046,0.506695568561554,-0.0433184839785099,0.7048884034156799,0.5247928500175476,-0.027676280587911606,0.7140966653823853,0.5125430226325989,-0.015772221609950066,No
0.8293625712394714,0.5340333580970764,-5.329873715709255e-07,0.782265841960907,0.6295427680015564,-0.011374928057193756,0.7252618670463562,0.6973984241485596,-0.02223772555589676,0.6900625824928284,0.7497548460960388,-0.03541913628578186,0.6739492416381836,0.8037590980529785,-0.043491583317518234,0.6619924306869507,0.6209205985069275,-0.0030593478586524725,0.6528877019882202,0.6686750054359436,-0.03259186074137688,0.7052799463272095,0.6553031206130981,-0.05195939913392067,0.711417555809021,0.6329081058502197,-0.06400148570537567,0.6609801054000854,0.5701256394386292,-0.010683621279895306,0.6562654972076416,0.6274499297142029,-0.036896780133247375,0.7129327058792114,0.6182951331138611,-0.03899197652935982,0.7118448615074158,0.5930383205413818,-0.038226645439863205,0.6693617701530457,0.5186666250228882,-0.023085473105311394,0.6519951224327087,0.5666061043739319,-0.04601379856467247,0.7082922458648682,0.5719203352928162,-0.030085386708378792,0.7139279246330261,0.5498992800712585,-0.016777323558926582,0.6850656270980835,0.4709084928035736,-0.03808967024087906,0.6676039695739746,0.5031692385673523,-0.046387434005737305,0.7039825320243835,0.5207345485687256,-0.031753428280353546,0.7114713191986084,0.5068462491035461,-0.019871750846505165,No
0.8293625712394714,0.5340333580970764,-5.329873715709255e-07,0.782265841960907,0.6295427680015564,-0.011374928057193756,0.7252618670463562,0.6973984241485596,-0.02223772555589676,0.6900625824928284,0.7497548460960388,-0.03541913628578186,0.6739492416381836,0.8037590980529785,-0.043491583317518234,0.6619924306869507,0.6209205985069275,-0.0030593478586524725,0.6528877019882202,0.6686750054359436,-0.03259186074137688,0.7052799463272095,0.6553031206130981,-0.05195939913392067,0.711417555809021,0.6329081058502197,-0.06400148570537567,0.6609801054000854,0.5701256394386292,-0.010683621279895306,0.6562654972076416,0.6274499297142029,-0.036896780133247375,0.7129327058792114,0.6182951331138611,-0.03899197652935982,0.7118448615074158,0.5930383205413818,-0.038226645439863205,0.6693617701530457,0.5186666250228882,-0.023085473105311394,0.6519951224327087,0.5666061043739319,-0.04601379856467247,0.7082922458648682,0.5719203352928162,-0.030085386708378792,0.7139279246330261,0.5498992800712585,-0.016777323558926582,0.6850656270980835,0.4709084928035736,-0.03808967024087906,0.6676039695739746,0.5031692385673523,-0.046387434005737305,0.7039825320243835,0.5207345485687256,-0.031753428280353546,0.7114713191986084,0.5068462491035461,-0.019871750846505165,No
0.825350284576416,0.5546017289161682,-6.211581649040454e-07,0.785932183265686,0.6403775215148926,-0.01063738763332367,0.7258575558662415,0.702629029750824,-0.018694700673222542,0.6905524730682373,0.7526217699050903,-0.030103905126452446,0.6744481921195984,0.8052729368209839,-0.038356177508831024,0.6692636013031006,0.635948657989502,0.003000730648636818,0.6520543098449707,0.6651716232299805,-0.02375999465584755,0.7030870914459229,0.6609673500061035,-0.039315059781074524,0.718058168888092,0.6438450813293457,-0.04805000126361847,0.6691209673881531,0.5835630297660828,-0.005545429419726133,0.6544445753097534,0.6170797348022461,-0.032372623682022095,0.7084352970123291,0.620888888835907,-0.035011209547519684,0.7186649441719055,0.6048107743263245,-0.032296113669872284,0.6773836016654968,0.5316267609596252,-0.019084837287664413,0.6567193865776062,0.5650951862335205,-0.0435292012989521,0.7082985043525696,0.5751084685325623,-0.029761524870991707,0.7197228074073792,0.5608137845993042,-0.016164157539606094,0.6923868656158447,0.48144257068634033,-0.03472427278757095,0.6738774180412292,0.5116816163063049,-0.04376596212387085,0.7087454795837402,0.5300711989402771,-0.029691869392991066,0.7191380858421326,0.5209416151046753,-0.01762758195400238,No
0.8270204067230225,0.5249203443527222,-5.229032922215993e-07,0.7881436944007874,0.6114299297332764,-0.017575817182660103,0.7274248600006104,0.6786202192306519,-0.02889281138777733,0.6867995858192444,0.7325098514556885,-0.04162580892443657,0.6678211092948914,0.7869499921798706,-0.04948534443974495,0.6699727773666382,0.6102092862129211,-0.003614468965679407,0.6543558835983276,0.6448508501052856,-0.031886931508779526,0.7064349055290222,0.6324659585952759,-0.04692397266626358,0.7138142585754395,0.611194372177124,-0.055278196930885315,0.6682760119438171,0.5574043989181519,-0.007853030227124691,0.6555706858634949,0.5948282480239868,-0.036977335810661316,0.7110764384269714,0.5909728407859802,-0.038691289722919464,0.7122308611869812,0.57157301902771,-0.03505314141511917,0.6760198473930359,0.5061341524124146,-0.017573565244674683,0.6624526381492615,0.5373094081878662,-0.04413195326924324,0.7133511900901794,0.5420422554016113,-0.02969520166516304,0.7167536616325378,0.5236959457397461,-0.015060649253427982,0.6886209845542908,0.45862698554992676,-0.029756123200058937,0.6747174263000488,0.47892218828201294,-0.03857574984431267,0.7076597809791565,0.49413156509399414,-0.024689525365829468,0.713573157787323,0.48354434967041016,-0.012628676369786263,No
0.8313066959381104,0.5587865114212036,-5.236932452135079e-07,0.7834538817405701,0.6431528329849243,-0.008199072442948818,0.7209625244140625,0.7040437459945679,-0.018263397738337517,0.6830697655677795,0.7575145363807678,-0.0323113352060318,0.6643736362457275,0.8164380192756653,-0.0421874038875103,0.6611594557762146,0.6244203448295593,-0.004148478619754314,0.6448959112167358,0.661648690700531,-0.030576670542359352,0.6968006491661072,0.6562677025794983,-0.04557269439101219,0.7121689915657043,0.634803295135498,-0.05406610295176506,0.6625083088874817,0.5698918700218201,-0.013645443134009838,0.6577630043029785,0.6141823530197144,-0.040692348033189774,0.708568811416626,0.613448441028595,-0.04416627064347267,0.7168422341346741,0.59309321641922,-0.043278761208057404,0.6750494837760925,0.5174741744995117,-0.026920661330223083,0.6592692136764526,0.5509074330329895,-0.052017468959093094,0.7055623531341553,0.5580905079841614,-0.04189561679959297,0.7174049019813538,0.5459559559822083,-0.03055652603507042,0.6931504011154175,0.4704495966434479,-0.041905924677848816,0.6663637161254883,0.46002528071403503,-0.054421015083789825,0.6738424301147461,0.43878090381622314,-0.04693387821316719,0.6671438217163086,0.40705543756484985,-0.03855384513735771,No
0.8305835127830505,0.5650877952575684,-5.612187692349835e-07,0.777347207069397,0.6573611497879028,-0.0094916308298707,0.7170503735542297,0.7149397134780884,-0.01953398808836937,0.6804682016372681,0.7615148425102234,-0.03223821520805359,0.6634248495101929,0.8147985339164734,-0.04026282951235771,0.6561455726623535,0.6320154666900635,-0.0027168893720954657,0.6443248391151428,0.6740949749946594,-0.030140431597828865,0.6976668238639832,0.6662153601646423,-0.04860134795308113,0.7062803506851196,0.6451833248138428,-0.06030110642313957,0.6574756503105164,0.5809847116470337,-0.011161889880895615,0.6522982716560364,0.6341487169265747,-0.0355658233165741,0.7080826163291931,0.6286624073982239,-0.03857740759849548,0.7096596956253052,0.6066996455192566,-0.03861639276146889,0.6681512594223022,0.5309759974479675,-0.02365298569202423,0.6522922515869141,0.5767768621444702,-0.043032560497522354,0.7059925198554993,0.5846408009529114,-0.027751566842198372,0.7126805186271667,0.5659553408622742,-0.015555079095065594,0.6858938336372375,0.48449015617370605,-0.03874504193663597,0.6694514155387878,0.5184770226478577,-0.04260116443037987,0.7034344673156738,0.5383135080337524,-0.026674620807170868,0.7115592956542969,0.5274572968482971,-0.01454993337392807,No
0.8228983879089355,0.5558362007141113,-6.192654495862371e-07,0.7807715535163879,0.6325459480285645,-0.013591460883617401,0.7184871435165405,0.6901429295539856,-0.023240523412823677,0.6811324954032898,0.7364462018013,-0.03609863296151161,0.6619665622711182,0.7871270775794983,-0.04470027610659599,0.6636615991592407,0.6082766652107239,-0.003021673997864127,0.6485950350761414,0.6379977464675903,-0.03252476453781128,0.6997599005699158,0.6374120712280273,-0.04700325056910515,0.7111011147499084,0.6214478015899658,-0.054371293634176254,0.6673902273178101,0.5547472834587097,-0.01051351148635149,0.6550610065460205,0.5884720087051392,-0.042688265442848206,0.7082377076148987,0.5969138741493225,-0.045689839869737625,0.713764488697052,0.5813340544700623,-0.04206819832324982,0.6789172887802124,0.5034441351890564,-0.023246560245752335,0.6648448705673218,0.5331049561500549,-0.05453096702694893,0.7119763493537903,0.5459133386611938,-0.04377400130033493,0.7189041972160339,0.5325289964675903,-0.02970307692885399,0.6940028667449951,0.45689302682876587,-0.03783237561583519,0.6704102158546448,0.46384766697883606,-0.05245208740234375,0.6860358715057373,0.46539005637168884,-0.04329785332083702,0.6840315461158752,0.447024405002594,-0.032948754727840424,No
0.8344683051109314,0.5688616037368774,-5.946102987763879e-07,0.7822097539901733,0.6534978151321411,-0.011110711842775345,0.7173784375190735,0.7068244814872742,-0.021363787353038788,0.6797947883605957,0.7559211850166321,-0.03542893007397652,0.6601672172546387,0.8122588396072388,-0.04528104141354561,0.6569498777389526,0.61883145570755,0.00028954201843589544,0.6443700194358826,0.6650718450546265,-0.031204383820295334,0.6992390155792236,0.662509560585022,-0.049647536128759384,0.7122145295143127,0.6402957439422607,-0.0598200261592865,0.6591641306877136,0.5671060681343079,-0.009666494093835354,0.6554569602012634,0.6254547238349915,-0.03987038508057594,0.7087624669075012,0.6281957626342773,-0.04338368400931358,0.7125329971313477,0.6029075384140015,-0.04131361097097397,0.6737901568412781,0.519545316696167,-0.024953238666057587,0.6663011312484741,0.5740998983383179,-0.0511503666639328,0.7147613763809204,0.5836420655250549,-0.03845567628741264,0.7187074422836304,0.5602666139602661,-0.02553117647767067,0.6948055028915405,0.47853878140449524,-0.04270032048225403,0.6842333674430847,0.5146598219871521,-0.05135241895914078,0.7136445641517639,0.5305842161178589,-0.03796566277742386,0.7205449342727661,0.5151368975639343,-0.02606598474085331,No
